No.	日付	口座	大分類	中分類	小分類	項目	数量	金額	取引先	備考	周期	Mark
1	2026/9/3(木)	クレジット	食費	飲料	コーヒー飲料	MACHI アイスコーヒー S	1	160 	コンビニ			
2	2026/9/3(木)	クレジット	食費	飲料	コーヒー飲料	クーポン	1	(160)	コンビニ			
3	2026/9/3(木)	クレジット	食費	菓子類	クッキー	ミニチョコチップクッキー	1	158 	コンビニ			
4	2026/9/17(木)	現金	設備費	家庭用品	スリッパ	スリッパ	1	100 	ワンコインショップ			
5	2026/9/17(木)	現金	設備費	家庭用品	スリッパ	スリッパ	2	200 	ワンコインショップ			
6	2026/9/17(木)	現金	設備費	衛生用品	油固形剤	天ぷら油凝固剤	1	100 	ワンコインショップ			
7	2026/9/17(木)	現金	設備費	税金等	税金等	消費税	1	40 	ワンコインショップ			
8	2026/9/24(木)	交通系カード	食費	主食	おにぎり	鶏ごぼうおむすび	1	148 	商店			
9	2026/9/24(木)	交通系カード	食費	主食	おにぎり	クーポン	1	(30)	商店			
10	2026/9/24(木)	交通系カード	食費	飲料	お茶	緑茶 600ml	1	108 	商店			
11	2026/9/24(木)	交通系カード	食費	税金等	税金等	消費税	1	18 	商店			
集計							12	842 				
